,电影名称,信息,评分,评价人数,短评
0,肖申克的救赎,导演: 弗兰克·德拉邦特 Frank Darabont 主演: 蒂姆·罗宾斯 Tim Robbins /... 1994 / 美国 / 犯罪 剧情,9.7,2855572人评价,希望让人自由。
1,霸王别姬,导演: 陈凯歌 Kaige Chen 主演: 张国荣 Leslie Cheung / 张丰毅 Fengyi Zha... 1993 / 中国大陆 中国香港 / 剧情 爱情 同性,9.6,2111219人评价,风华绝代。
2,阿甘正传,导演: 罗伯特·泽米吉斯 Robert Zemeckis 主演: 汤姆·汉克斯 Tom Hanks / ... 1994 / 美国 / 剧情 爱情,9.5,2131782人评价,一部美国近现代史。
3,泰坦尼克号,导演: 詹姆斯·卡梅隆 James Cameron 主演: 莱昂纳多·迪卡普里奥 Leonardo... 1997 / 美国 墨西哥 / 剧情 爱情 灾难,9.5,2156952人评价,失去的才是永恒的。
4,这个杀手不太冷,导演: 吕克·贝松 Luc Besson 主演: 让·雷诺 Jean Reno / 娜塔莉·波特曼 ... 1994 / 法国 美国 / 剧情 动作 犯罪,9.4,2268975人评价,怪蜀黍和小萝莉不得不说的故事。
5,美丽人生,导演: 罗伯托·贝尼尼 Roberto Benigni 主演: 罗伯托·贝尼尼 Roberto Beni... 1997 / 意大利 / 剧情 喜剧 爱情 战争,9.6,1309749人评价,最美的谎言。
6,千与千寻,导演: 宫崎骏 Hayao Miyazaki 主演: 柊瑠美 Rumi Hîragi / 入野自由 Miy... 2001 / 日本 / 剧情 动画 奇幻,9.4,2212522人评价,最好的宫崎骏，最好的久石让。
7,辛德勒的名单,导演: 史蒂文·斯皮尔伯格 Steven Spielberg 主演: 连姆·尼森 Liam Neeson... 1993 / 美国 / 剧情 历史 战争,9.6,1091317人评价,拯救一个人，就是拯救整个世界。
8,星际穿越,导演: 克里斯托弗·诺兰 Christopher Nolan 主演: 马修·麦康纳 Matthew Mc... 2014 / 美国 英国 加拿大 / 剧情 科幻 冒险,9.4,1802262人评价,爱是一种力量，让我们超越时空感知它的存在。
9,盗梦空间,导演: 克里斯托弗·诺兰 Christopher Nolan 主演: 莱昂纳多·迪卡普里奥 Le... 2010 / 美国 英国 / 剧情 科幻 悬疑 冒险,9.4,2033975人评价,诺兰给了我们一场无法盗取的梦。
10,楚门的世界,导演: 彼得·威尔 Peter Weir 主演: 金·凯瑞 Jim Carrey / 劳拉·琳妮 Lau... 1998 / 美国 / 剧情 科幻,9.4,1674694人评价,如果再也不能见到你，祝你早安，午安，晚安。
11,忠犬八公的故事,导演: 莱塞·霍尔斯道姆 Lasse Hallström 主演: 理查·基尔 Richard Ger... 2009 / 美国 英国 / 剧情,9.4,1383496人评价,永远都不能忘记你所爱的人。
12,海上钢琴师,导演: 朱塞佩·托纳多雷 Giuseppe Tornatore 主演: 蒂姆·罗斯 Tim Roth / ... 1998 / 意大利 / 剧情 音乐,9.3,1657051人评价,每个人都要走一条自己坚定了的路，就算是粉身碎骨。
13,三傻大闹宝莱坞,导演: 拉库马·希拉尼 Rajkumar Hirani 主演: 阿米尔·汗 Aamir Khan / 卡... 2009 / 印度 / 剧情 喜剧 爱情 歌舞,9.2,1836608人评价,英俊版憨豆，高情商版谢耳朵。
14,放牛班的春天,导演: 克里斯托夫·巴拉蒂 Christophe Barratier 主演: 让-巴蒂斯特·莫尼... 2004 / 法国 瑞士 德国 / 剧情 音乐,9.3,1294049人评价,天籁一般的童声，是最接近上帝的存在。
15,机器人总动员,导演: 安德鲁·斯坦顿 Andrew Stanton 主演: 本·贝尔特 Ben Burtt / 艾丽... 2008 / 美国 / 科幻 动画 冒险,9.3,1299461人评价,小瓦力，大人生。
16,无间道,导演: 刘伟强 / 麦兆辉 主演: 刘德华 Andy Lau / 梁朝伟 Tony Leung Chiu W... 2002 / 中国香港 / 剧情 犯罪 惊悚,9.3,1342513人评价,香港电影史上永不过时的杰作。
17,疯狂动物城,导演: 拜伦·霍华德 Byron Howard / 瑞奇·摩尔 Rich Moore 主演: 金妮弗·... 2016 / 美国 / 喜剧 动画 冒险,9.2,1901272人评价,迪士尼给我们营造的乌托邦就是这样，永远善良勇敢，永远出乎意料。
18,控方证人,导演: 比利·怀尔德 Billy Wilder 主演: 泰隆·鲍华 Tyrone Power / 玛琳·... 1957 / 美国 / 剧情 犯罪 悬疑,9.6,542231人评价,比利·怀德满分作品。
19,大话西游之大圣娶亲,导演: 刘镇伟 Jeffrey Lau 主演: 周星驰 Stephen Chow / 吴孟达 Man Tat Ng... 1995 / 中国香港 中国大陆 / 喜剧 爱情 奇幻 古装,9.2,1514020人评价,一生所爱。
20,熔炉,导演: 黄东赫 Dong-hyuk Hwang 主演: 孔侑 Yoo Gong / 郑有美 Yu-mi Jung /... 2011 / 韩国 / 剧情,9.4,920314人评价,我们一路奋战不是为了改变世界，而是为了不让世界改变我们。
21,教父,导演: 弗朗西斯·福特·科波拉 Francis Ford Coppola 主演: 马龙·白兰度 M... 1972 / 美国 / 剧情 犯罪,9.3,952283人评价,千万不要记恨你的对手，这样会让你失去理智。
22,触不可及,导演: 奥利维·那卡什 Olivier Nakache / 艾力克·托兰达 Eric Toledano 主... 2011 / 法国 / 剧情 喜剧,9.3,1095590人评价,满满温情的高雅喜剧。
23,当幸福来敲门,导演: 加布里尔·穆奇诺 Gabriele Muccino 主演: 威尔·史密斯 Will Smith ... 2006 / 美国 / 剧情 传记 家庭,9.2,1500443人评价,平民励志片。
24,怦然心动,导演: 罗伯·莱纳 Rob Reiner 主演: 玛德琳·卡罗尔 Madeline Carroll / 卡... 2010 / 美国 / 剧情 喜剧 爱情,9.1,1808800人评价,真正的幸福是来自内心深处。
25,龙猫,导演: 宫崎骏 Hayao Miyazaki 主演: 日高法子 Noriko Hidaka / 坂本千夏 Ch... 1988 / 日本 / 动画 奇幻 冒险,9.2,1248652人评价,人人心中都有个龙猫，童年就永远不会消失。
26,末代皇帝,导演: 贝纳尔多·贝托鲁奇 Bernardo Bertolucci 主演: 尊龙 John Lone / 陈... 1987 / 英国 意大利 中国大陆 法国 / 剧情 传记 历史,9.3,867180人评价,“不要跟我比惨，我比你更惨”再适合这部电影不过了。
27,寻梦环游记,导演: 李·昂克里奇 Lee Unkrich / 阿德里安·莫利纳 Adrian Molina 主演: ... 2017 / 美国 / 喜剧 动画 奇幻 音乐,9.1,1649750人评价,死亡不是真的逝去，遗忘才是永恒的消亡。
28,活着,导演: 张艺谋 Yimou Zhang 主演: 葛优 You Ge / 巩俐 Li Gong / 姜武 Wu Jiang 1994 / 中国大陆 中国香港 / 剧情 历史 家庭,9.3,831085人评价,张艺谋最好的电影。
29,蝙蝠侠：黑暗骑士,导演: 克里斯托弗·诺兰 Christopher Nolan 主演: 克里斯蒂安·贝尔 Christ... 2008 / 美国 英国 / 剧情 动作 科幻 犯罪 惊悚,9.2,1041025人评价,无尽的黑暗。
30,哈利·波特与魔法石,导演: Chris Columbus 主演: Daniel Radcliffe / Emma Watson / Rupert Grint 2001 / 美国 英国 / 奇幻 冒险,9.2,1168530人评价,童话世界的开端。
31,指环王3：王者无敌,导演: 彼得·杰克逊 Peter Jackson 主演: 伊利亚·伍德 Elijah Wood / 西恩... 2003 / 美国 新西兰 / 剧情 动作 奇幻 冒险,9.3,791465人评价,史诗的终章。
32,乱世佳人,导演: 维克多·弗莱明 Victor Fleming / 乔治·库克 George Cukor 主演: 费... 1939 / 美国 / 剧情 历史 爱情 战争,9.3,681263人评价,Tomorrow is another day.
33,我不是药神,导演: 文牧野 Muye Wen 主演: 徐峥 Zheng Xu / 王传君 Chuanjun Wang / 周... 2018 / 中国大陆 / 剧情 喜剧,9,2072199人评价,对我们国家而言，这样的电影多一部是一部。
34,素媛,导演: 李濬益 Jun-ik Lee 主演: 薛景求 Kyung-gu Sol / 严志媛 Ji-won Uhm ... 2013 / 韩国 / 剧情,9.3,677055人评价,受过伤害的人总是笑得最开心，因为他们不愿意让身边的人承受一样的痛苦。
35,飞屋环游记,导演: 彼特·道格特 Pete Docter / 鲍勃·彼德森 Bob Peterson 主演: 爱德... 2009 / 美国 / 剧情 喜剧 动画 冒险,9.1,1305962人评价,最后那些最无聊的事情，才是最值得怀念的。
36,十二怒汉,导演: Sidney Lumet 主演: 亨利·方达 Henry Fonda / 马丁·鲍尔萨姆 Marti... 1957 / 美国 / 剧情,9.4,481845人评价,1957年的理想主义。
37,哈尔的移动城堡,导演: 宫崎骏 Hayao Miyazaki 主演: 倍赏千惠子 Chieko Baishô / 木村拓... 2004 / 日本 / 动画 奇幻 冒险,9.1,1007059人评价,带着心爱的人在天空飞翔。
38,何以为家,导演: 娜丁·拉巴基 Nadine Labaki 主演: 扎因·拉费阿 Zain al-Rafeea / ... 2018 / 黎巴嫩 美国 法国 塞浦路斯 卡塔尔 英国 / 剧情,9.1,1030239人评价,凝视卑弱生命，用电影改变命运。
39,摔跤吧！爸爸,导演: 涅提·蒂瓦里 Nitesh Tiwari 主演: 阿米尔·汗 Aamir Khan / 法缇玛... 2016 / 印度 / 剧情 传记 运动 家庭,9,1549802人评价,你不是在为你一个人战斗，你要让千千万万的女性看到女生并不是只能相夫教子。
40,鬼子来了,导演: 姜文 Wen Jiang 主演: 姜文 Wen Jiang / 香川照之 Teruyuki Kagawa /... 2000 / 中国大陆 / 剧情 喜剧,9.3,617826人评价,对敌人的仁慈，就是对自己残忍。
41,让子弹飞,导演: 姜文 Wen Jiang 主演: 姜文 Wen Jiang / 葛优 You Ge / 周润发 Yun-F... 2010 / 中国大陆 中国香港 / 剧情 喜剧 动作 西部,9,1675241人评价,你给我翻译翻译，神马叫做TMD的惊喜。
42,少年派的奇幻漂流,导演: 李安 Ang Lee 主演: 苏拉·沙玛 Suraj Sharma / 伊尔凡·可汗 Irrfan... 2012 / 美国 中国台湾 英国 加拿大 / 剧情 奇幻 冒险,9.1,1333473人评价,瑰丽壮观、无人能及的冒险之旅。
43,猫鼠游戏,导演: 史蒂文·斯皮尔伯格 Steven Spielberg 主演: 莱昂纳多·迪卡普里奥 L... 2002 / 美国 加拿大 / 传记 犯罪 剧情,9.1,1004890人评价,骗子大师和执著警探的你追我跑故事。
44,海蒂和爷爷,导演: 阿兰·葛斯彭纳 Alain Gsponer 主演: 阿努克·斯特芬 Anuk Steffen /... 2015 / 德国 瑞士 / 剧情 冒险 家庭,9.3,595898人评价,如果生活中有什么使你感到快乐，那就去做吧！不要管别人说什么。
45,钢琴家,导演: 罗曼·波兰斯基 Roman Polanski 主演: 艾德里安·布洛迪 Adrien Brod... 2002 / 英国 法国 波兰 德国 / 剧情 传记 战争 音乐,9.3,626480人评价,音乐能化解仇恨。
46,大话西游之月光宝盒,导演: 刘镇伟 Jeffrey Lau 主演: 周星驰 Stephen Chow / 吴孟达 Man Tat Ng... 1995 / 中国香港 中国大陆 / 喜剧 爱情 奇幻 古装,9,1205576人评价,旷古烁今。
47,天空之城,导演: 宫崎骏 Hayao Miyazaki 主演: 田中真弓 Mayumi Tanaka / 横泽启子 Ke... 1986 / 日本 / 动画 奇幻 冒险,9.2,808692人评价,对天空的追逐，永不停止。
48,指环王2：双塔奇兵,导演: 彼得·杰克逊 Peter Jackson 主演: 伊利亚·伍德 Elijah Wood / 西恩... 2002 / 美国 新西兰 / 剧情 动作 奇幻 冒险,9.2,741527人评价,承前启后的史诗篇章。
49,闻香识女人,导演: 马丁·布莱斯 Martin Brest 主演: 阿尔·帕西诺 Al Pacino / 克里斯... 1992 / 美国 / 剧情,9.1,869915人评价,史上最美的探戈。
50,罗马假日,导演: 威廉·惠勒 William Wyler 主演: 奥黛丽·赫本 Audrey Hepburn / 格... 1953 / 美国 / 喜剧 剧情 爱情,9.1,938155人评价,爱情哪怕只有一天。
51,天堂电影院,导演: 朱塞佩·托纳多雷 Giuseppe Tornatore 主演: 菲利普·努瓦雷 Philipp... 1988 / 意大利 法国 / 剧情 爱情,9.2,672072人评价,那些吻戏，那些青春，都在影院的黑暗里被泪水冲刷得无比清晰。
52,死亡诗社,导演: 彼得·威尔 Peter Weir 主演: 罗宾·威廉姆斯 Robin Williams / 罗伯... 1989 / 美国 / 剧情,9.2,712262人评价,当一个死水般的体制内出现一个活跃的变数时，所有的腐臭都站在了光明的对面。
53,绿皮书,导演: 彼得·法雷里 Peter Farrelly 主演: 维果·莫腾森 Viggo Mortensen /... 2018 / 美国 中国大陆 / 剧情 喜剧 传记 音乐,8.9,1622871人评价,去除成见，需要勇气。
54,大闹天宫,导演: 万籁鸣 Laiming Wan 主演: 邱岳峰 Yuefeng Qiu / 富润生 Runsheng Fu... 1961(中国大陆) / 1964(中国大陆) / 1978(中国大陆) / 中国大陆 / 剧情 动画 奇幻 古装,9.4,429727人评价,经典之作，历久弥新。
55,指环王1：护戒使者,导演: 彼得·杰克逊 Peter Jackson 主演: 伊利亚·伍德 Elijah Wood / 西恩... 2001 / 新西兰 美国 / 剧情 动作 奇幻 冒险,9.1,834344人评价,传说的开始。
56,黑客帝国,导演: 安迪·沃卓斯基 Andy Wachowski / 拉娜·沃卓斯基 Lana Wachowski 主... 1999 / 美国 / 动作 科幻,9.1,826526人评价,视觉革命。
57,教父2,导演: 弗朗西斯·福特·科波拉 Francis Ford Coppola 主演: 阿尔·帕西诺 A... 1974 / 美国 / 剧情 犯罪,9.3,543521人评价,优雅的孤独。
58,狮子王,导演: Roger Allers / 罗伯·明可夫 Rob Minkoff 主演: 乔纳森·泰勒·托马... 1994 / 美国 / 动画 冒险 歌舞,9.1,826041人评价,动物版《哈姆雷特》。
59,辩护人,导演: 杨宇硕 Woo-seok Yang 主演: 宋康昊 Kang-ho Song / 金英爱 Yeong-ae... 2013 / 韩国 / 剧情,9.2,582240人评价,电影的现实意义大过电影本身。
60,饮食男女,导演: 李安 Ang Lee 主演: 郎雄 Sihung Lung / 杨贵媚 Kuei-Mei Yang / 吴... 1994 / 中国台湾 美国 / 剧情 家庭,9.2,611775人评价,人生不能像做菜，把所有的料都准备好了才下锅。
61,搏击俱乐部,导演: 大卫·芬奇 David Fincher 主演: 爱德华·诺顿 Edward Norton / 布拉... 1999 / 美国 / 剧情 动作 悬疑 惊悚,9,834989人评价,邪恶与平庸蛰伏于同一个母体，在特定的时间互相对峙。
62,美丽心灵,导演: 朗·霍华德 Ron Howard 主演: 罗素·克劳 Russell Crowe / 艾德·哈... 2001 / 美国 / 传记 剧情,9.1,759234人评价,爱是一切逻辑和原由。
63,本杰明·巴顿奇事,导演: 大卫·芬奇 David Fincher 主演: 凯特·布兰切特 Cate Blanchett / ... 2008 / 美国 / 剧情 爱情 奇幻,9,969378人评价,在时间之河里感受溺水之苦。
64,穿条纹睡衣的男孩,导演: 马克·赫尔曼 Mark Herman 主演: 阿萨·巴特菲尔德 Asa Butterfield ... 2008 / 英国 美国 / 剧情 战争,9.2,554864人评价,尽管有些不切实际的幻想，这部电影依旧是一部感人肺腑的佳作。
65,窃听风暴,导演: 弗洛里安·亨克尔·冯·多纳斯马尔克 Florian Henckel von Donnersmarck &n... 2006 / 德国 / 剧情 悬疑,9.2,557219人评价,别样人生。
66,情书,导演: 岩井俊二 Shunji Iwai 主演: 中山美穗 Miho Nakayama / 丰川悦司 Ets... 1995 / 日本 / 剧情 爱情,8.9,1095497人评价,暗恋的极致。
67,两杆大烟枪,导演: Guy Ritchie 主演: Jason Flemyng / Dexter Fletcher / Nick Moran 1998 / 英国 / 剧情 喜剧 犯罪,9.1,587986人评价,4个臭皮匠顶个诸葛亮，盖·里奇果然不是盖的。
68,西西里的美丽传说,导演: 朱塞佩·托纳多雷 Giuseppe Tornatore 主演: 莫妮卡·贝鲁奇 Monica ... 2000 / 意大利 美国 / 剧情 战争 情色,8.9,962628人评价,美丽无罪。
69,音乐之声,导演: 罗伯特·怀斯 Robert Wise 主演: 朱莉·安德鲁斯 Julie Andrews / 克... 1965 / 美国 / 剧情 传记 爱情 歌舞,9.1,593075人评价,用音乐化解仇恨，让歌声串起美好。
70,看不见的客人,导演: 奥里奥尔·保罗 Oriol Paulo 主演: 马里奥·卡萨斯 Mario Casas / 阿... 2016 / 西班牙 / 剧情 犯罪 悬疑 惊悚,8.8,1238638人评价,你以为你以为的就是你以为的。
71,阿凡达,导演: 詹姆斯·卡梅隆 James Cameron 主演: 萨姆·沃辛顿 Sam Worthington ... 2009 / 美国 / 动作 科幻 冒险,8.8,1403096人评价,绝对意义上的美轮美奂。
72,拯救大兵瑞恩,导演: 史蒂文·斯皮尔伯格 Steven Spielberg 主演: 汤姆·汉克斯 Tom Hanks... 1998 / 美国 / 剧情 战争,9.1,638105人评价,美利坚精神输出大片No1.
73,小鞋子,导演: 马基德·马基迪 Majid Majidi 主演: 默罕默德·阿米尔·纳吉 Mohamma... 1997 / 伊朗 / 剧情 儿童 家庭,9.2,405468人评价,奔跑的孩子是天使。
74,飞越疯人院,导演: 米洛斯·福尔曼 Miloš Forman 主演: 杰克·尼科尔森 Jack Nichols... 1975 / 美国 / 剧情,9.1,539649人评价,自由万岁。
75,哈利·波特与死亡圣器(下),导演: 大卫·叶茨 David Yates 主演: 丹尼尔·雷德克里夫 Daniel Radcliffe... 2011 / 美国 英国 / 奇幻 冒险,9,817249人评价,10年的完美句点。
76,沉默的羔羊,导演: 乔纳森·戴米 Jonathan Demme 主演: 朱迪·福斯特 Jodie Foster / 安... 1991 / 美国 / 剧情 犯罪 惊悚,8.9,875139人评价,安东尼·霍普金斯的顶级表演。
77,布达佩斯大饭店,导演: 韦斯·安德森 Wes Anderson 主演: 拉尔夫·费因斯 Ralph Fiennes / ... 2014 / 美国 德国 英国 / 剧情 喜剧 冒险,8.9,915390人评价,小清新的故事里注入了大历史的情怀。
78,禁闭岛,导演: Martin Scorsese 主演: 莱昂纳多·迪卡普里奥 Leonardo DiCaprio / ... 2010 / 美国 / 剧情 悬疑 惊悚,8.9,959674人评价,昔日翩翩少年，今日大腹便便。
79,蝴蝶效应,导演: 埃里克·布雷斯 Eric Bress / J·麦基·格鲁伯 J. Mackye Gruber 主... 2004 / 美国 加拿大 / 剧情 悬疑 科幻 惊悚,8.9,923295人评价,人的命运被自己瞬间的抉择改变。
80,致命魔术,导演: 克里斯托弗·诺兰 Christopher Nolan 主演: 休·杰克曼 Hugh Jackman... 2006 / 英国 美国 / 剧情 悬疑 惊悚,8.9,844442人评价,孪生蝙蝠侠大战克隆金刚狼。
81,功夫,导演: 周星驰 Stephen Chow 主演: 周星驰 Stephen Chow / 元秋 Qiu Yuen / ... 2004 / 中国大陆 中国香港 / 动作 喜剧 犯罪 奇幻,8.8,1107921人评价,警恶惩奸，维护世界和平这个任务就交给你了，好吗？
82,海豚湾,导演: 路易·西霍尤斯 Louie Psihoyos 主演: Richard O'Barry / 路易·西霍... 2009 / 美国 / 纪录片,9.3,353943人评价,海豚的微笑，是世界上最高明的伪装。
83,心灵捕手,导演: 格斯·范·桑特 Gus Van Sant 主演: 马特·达蒙 Matt Damon / 罗宾·... 1997 / 美国 / 剧情,8.9,701549人评价,人生中应该拥有这样的一段豁然开朗。
84,低俗小说,导演: 昆汀·塔伦蒂诺 Quentin Tarantino 主演: 约翰·特拉沃尔塔 John Tra... 1994 / 美国 / 剧情 喜剧 犯罪,8.9,822286人评价,故事的高级讲法。
85,哈利·波特与阿兹卡班的囚徒,导演: Alfonso Cuarón 主演: 丹尼尔·雷德克里夫 Daniel Radcliffe / Emma... 2004 / 英国 美国 / 奇幻 冒险,8.9,713506人评价,不一样的导演，不一样的哈利·波特。
86,春光乍泄,导演: 王家卫 Kar Wai Wong 主演: 张国荣 Leslie Cheung / 梁朝伟 Tony Leu... 1997 / 中国香港 日本 韩国 / 剧情 爱情 同性,9,624061人评价,爱情纠缠，男女一致。
87,美国往事,导演: 赛尔乔·莱翁内 Sergio Leone 主演: 罗伯特·德尼罗 Robert De Niro ... 1984 / 美国 意大利 / 犯罪 剧情,9.2,406174人评价,往事如烟，无处祭奠。
88,摩登时代,导演: 查理·卓别林 Charles Chaplin 主演: 查理·卓别林 Charles Chaplin ... 1936 / 美国 / 剧情 喜剧 爱情,9.3,295987人评价,大时代中的人生，小人物的悲喜。
89,超脱,导演: 托尼·凯耶 Tony Kaye 主演: 艾德里安·布洛迪 Adrien Brody / 马西... 2011 / 美国 / 剧情,9,586239人评价,穷尽一生，我们要学会的，不过是彼此拥抱。
90,喜剧之王,导演: 周星驰 Stephen Chow / 李力持 Lik-Chi Lee 主演: 周星驰 Stephen Ch... 1999 / 中国香港 / 喜剧 剧情 爱情,8.8,955636人评价,我是一个演员。
91,致命ID,导演: 詹姆斯·曼高德 James Mangold 主演: 约翰·库萨克 John Cusack / 雷... 2003 / 美国 / 剧情 悬疑 惊悚,8.9,810429人评价,最不可能的那个人永远是最可能的。
92,杀人回忆,导演: 奉俊昊 Joon-ho Bong 主演: 宋康昊 Kang-ho Song / 金相庆 Sang-kyun... 2003 / 韩国 / 剧情 动作 犯罪 悬疑 惊悚,8.9,700797人评价,关于连环杀人悬案的集体回忆。
93,七宗罪,导演: 大卫·芬奇 David Fincher 主演: 摩根·弗里曼 Morgan Freeman / 布... 1995 / 美国 / 剧情 犯罪 悬疑 惊悚,8.8,931129人评价,警察抓小偷，老鼠玩死猫。
94,红辣椒,导演: 今敏 Satoshi Kon 主演: 林原惠美 Megumi Hayashibara / 江守彻 Toru... 2006 / 日本 / 动画 悬疑 科幻 惊悚,9.1,454630人评价,梦的勾结。
95,加勒比海盗,导演: 戈尔·维宾斯基 Gore Verbinski 主演: 约翰尼·德普 Johnny Depp / ... 2003 / 美国 / 动作 冒险 奇幻,8.8,845055人评价,约翰尼·德普的独角戏。
96,哈利·波特与密室,导演: Chris Columbus 主演: 丹尼尔·雷德克里夫 Daniel Radcliffe / 艾玛... 2002 / 英国 美国 / 奇幻 冒险,8.8,740903人评价,魔法的密室之门已打开...
97,狩猎,导演: 托马斯·温特伯格 Thomas Vinterberg 主演: 麦斯·米科尔森 Mads Mik... 2012 / 丹麦 瑞典 / 剧情,9.1,383279人评价,人言可畏。
98,一一,导演: 杨德昌 Edward Yang 主演: 吴念真 / 李凯莉 Kelly Lee / 金燕玲 Elai... 2000 / 中国台湾 日本 / 剧情 爱情 家庭,9.1,385159人评价,我们都曾经是一一。
99,7号房的礼物,导演: 李焕庆 Hwan-kyeong Lee 主演: 柳承龙 Seung-yong Ryoo / 朴信惠 Shi... 2013 / 韩国 / 剧情 喜剧 家庭,8.9,549811人评价,《我是山姆》的《美丽人生》。
100,被嫌弃的松子的一生,导演: 中岛哲也 Tetsuya Nakashima 主演: 中谷美纪 Miki Nakatani / 瑛太 E... 2006 / 日本 / 剧情 歌舞,8.9,695377人评价,以戏谑来戏谑戏谑。
101,唐伯虎点秋香,导演: 李力持 Lik-Chi Lee 主演: 周星驰 Stephen Chow / 巩俐 Li Gong / 陈... 1993 / 中国香港 / 喜剧 爱情 古装,8.7,1062659人评价,华太师是黄霑，吴镇宇四大才子之一。
102,请以你的名字呼唤我,导演: 卢卡·瓜达尼诺 Luca Guadagnino 主演: 艾米·汉莫 Armie Hammer / ... 2017 / 意大利 法国 巴西 美国 / 剧情 爱情 同性,8.9,710885人评价,沉醉在电影的情感和视听氛围中无法自拔。
103,断背山,导演: 李安 Ang Lee 主演: 希斯·莱杰 Heath Ledger / 杰克·吉伦哈尔 Jake... 2005 / 美国 加拿大 / 剧情 爱情 同性 家庭,8.8,699395人评价,每个人心中都有一座断背山。
104,剪刀手爱德华,导演: 蒂姆·波顿 Tim Burton 主演: 约翰尼·德普 Johnny Depp / 薇诺娜·... 1990 / 美国 / 剧情 奇幻 爱情,8.7,1023546人评价,浪漫忧郁的成人童话。
105,勇敢的心,导演: 梅尔·吉布森 Mel Gibson 主演: 梅尔·吉布森 Mel Gibson / 苏菲·玛... 1995 / 美国 / 动作 传记 剧情 历史 战争,8.9,553922人评价,史诗大片的典范。
106,入殓师,导演: 泷田洋二郎 Yôjirô Takita 主演: 本木雅弘 Masahiro Motoki / ... 2008 / 日本 / 剧情,8.9,655517人评价,死可能是一道门，逝去并不是终结，而是超越，走向下一程。
107,爱在黎明破晓前,导演: 理查德·林克莱特 Richard Linklater 主演: 伊桑·霍克 Ethan Hawke ... 1995 / 美国 奥地利 瑞士 / 剧情 爱情,8.8,670864人评价,缘分是个连绵词，最美不过一瞬。
108,第六感,导演: M·奈特·沙马兰 M. Night Shyamalan 主演: 布鲁斯·威利斯 Bruce Wi... 1999 / 美国 / 剧情 悬疑 惊悚,8.9,547979人评价,深入内心的恐怖，出人意料的结局。
109,重庆森林,导演: 王家卫 Kar Wai Wong 主演: 林青霞 Brigitte Lin / 金城武 Takeshi K... 1994 / 中国香港 / 剧情 爱情,8.8,798565人评价,寂寞没有期限。
110,蝙蝠侠：黑暗骑士崛起,导演: 克里斯托弗·诺兰 Christopher Nolan 主演: 克里斯蒂安·贝尔 Christ... 2012 / 美国 英国 / 剧情 动作 科幻 犯罪 惊悚,8.8,708435人评价,诺兰就是保证。
111,幽灵公主,导演: 宫崎骏 Hayao Miyazaki 主演: 松田洋治 Yôji Matsuda / 石田百合... 1997 / 日本 / 动画 奇幻 冒险,8.9,516102人评价,人与自然的战争史诗。
112,超能陆战队,导演: 唐·霍尔 Don Hall / 克里斯·威廉姆斯 Chris Williams 主演: 斯科特... 2014 / 美国 / 喜剧 动作 科幻 动画 冒险,8.7,996574人评价,Balalala~~~
113,菊次郎的夏天,导演: 北野武 Takeshi Kitano 主演: 北野武 Takeshi Kitano / 关口雄介 Yus... 1999 / 日本 / 剧情 喜剧,8.9,586950人评价,从没见过那么流氓的温柔，从没见过那么温柔的流氓。
114,爱在日落黄昏时,导演: 理查德·林克莱特 Richard Linklater 主演: 伊桑·霍克 Ethan Hawke ... 2004 / 美国 法国 / 剧情 爱情,8.9,550448人评价,九年后的重逢是世俗和责任的交叠，没了悸动和青涩，沧桑而温暖。
115,甜蜜蜜,导演: 陈可辛 Peter Chan 主演: 黎明 Leon Lai / 张曼玉 Maggie Cheung / ... 1996 / 中国香港 / 剧情 爱情,8.9,541730人评价,相逢只要一瞬间，等待却像是一辈子。
116,天使爱美丽,导演: 让-皮埃尔·热内 Jean-Pierre Jeunet 主演: 奥黛丽·塔图 Audrey Tau... 2001 / 法国 德国 / 剧情 喜剧 爱情,8.7,947756人评价,法式小清新。
117,阳光灿烂的日子,导演: 姜文 Wen Jiang 主演: 夏雨 Yu Xia / 宁静 Jing Ning / 陶虹 Hong Tao 1994 / 中国大陆 中国香港 / 剧情 爱情,8.9,606641人评价,一场华丽的意淫。
118,小森林 夏秋篇,导演: 森淳一 Junichi Mori 主演: 桥本爱 Ai Hashimoto / 三浦贵大 Takahir... 2014 / 日本 / 剧情,9,420117人评价,那些静得只能听见呼吸的日子里，你明白孤独即生活。
119,完美的世界,导演: 克林特·伊斯特伍德 Clint Eastwood 主演: 凯文·科斯特纳 Kevin Cos... 1993 / 美国 / 剧情 犯罪,9.1,310019人评价,坏人的好总是比好人的好来得更感人。
120,借东西的小人阿莉埃蒂,导演: 米林宏昌 Hiromasa Yonebayashi 主演: 志田未来 Mirai Shida / 神木... 2010 / 日本 / 动画 奇幻 冒险,8.9,544677人评价,曾经的那段美好会沉淀为一辈子的记忆。
121,无人知晓,导演: 是枝裕和 Hirokazu Koreeda 主演: 柳乐优弥 Yûya Yagira / 北浦爱... 2004 / 日本 / 剧情,9.1,313865人评价,我的平常生活就是他人的幸福。
122,消失的爱人,导演: 大卫·芬奇 David Fincher 主演: 本·阿弗莱克 Ben Affleck / 罗莎蒙... 2014 / 美国 / 剧情 犯罪 悬疑 惊悚,8.7,919876人评价,年度最佳date movie。
123,倩女幽魂,导演: 程小东 Siu-Tung Ching 主演: 张国荣 Leslie Cheung / 王祖贤 Joey W... 1987 / 中国香港 / 爱情 奇幻 武侠 古装,8.8,727001人评价,两张绝世的脸。
124,寄生虫,导演: 奉俊昊 Joon-ho Bong 主演: 宋康昊 Kang-ho Song / 李善均 Seon-gyun... 2019 / 韩国 / 剧情,8.8,1349906人评价,
125,侧耳倾听,导演: 近藤喜文 Yoshifumi Kondo 主演: 本名阳子 Youko Honna / 小林桂树 K... 1995 / 日本 / 剧情 爱情 动画,8.9,455460人评价,少女情怀总是诗。
126,时空恋旅人,导演: 理查德·柯蒂斯 Richard Curtis 主演: 多姆纳尔·格里森 Domhnall Gl... 2013 / 英国 / 喜剧 爱情 奇幻,8.8,655278人评价,把每天当作最后一天般珍惜度过，积极拥抱生活，就是幸福。
127,小森林 冬春篇,导演: 森淳一 Junichi Mori 主演: 桥本爱 Ai Hashimoto / 三浦贵大 Takahir... 2015 / 日本 / 剧情,9,375103人评价,尊敬他人，尊敬你生活的这片土地，明白孤独是人生的常态。
128,幸福终点站,导演: 史蒂文·斯皮尔伯格 Steven Spielberg 主演: 汤姆·汉克斯 Tom Hanks... 2004 / 美国 / 喜剧 剧情 爱情,8.8,561075人评价,有时候幸福需要等一等。
129,驯龙高手,导演: 迪恩·德布洛斯 Dean DeBlois / 克里斯·桑德斯 Chris Sanders 主演:... 2010 / 美国 / 动画 奇幻 冒险,8.8,745661人评价,和谐的生活离不开摸头与被摸头。
130,教父3,导演: 弗朗西斯·福特·科波拉 Francis Ford Coppola 主演: 阿尔·帕西诺 A... 1990 / 美国 / 剧情 犯罪,9,367919人评价,任何信念的力量，都无法改变命运。
131,一个叫欧维的男人决定去死,导演: 汉内斯·赫尔姆 Hannes Holm 主演: 罗夫·拉斯加德 Rolf Lassgård... 2015 / 瑞典 / 剧情,8.9,470087人评价,惠及一生的美丽。
132,未麻的部屋,导演: 今敏 Satoshi Kon 主演: 岩男润子 Junko Iwao / 松本梨香 Rica Matsu... 1997 / 日本 / 动画 奇幻 惊悚,9.1,325474人评价,好的剧本是，就算你猜到了结局也猜不到全部。
133,萤火之森,导演: 大森贵弘 Takahiro Omori 主演: 佐仓绫音 Ayane Sakura / 内山昂辉 K... 2011 / 日本 / 剧情 爱情 动画 奇幻,8.9,529745人评价,触不到的恋人。
134,怪兽电力公司,导演: 彼特·道格特 Pete Docter / 大卫·斯沃曼 David Silverman 主演: 约... 2001 / 美国 / 儿童 喜剧 动画 奇幻 冒险,8.8,658882人评价,不要给它起名字，起了名字就有感情了。
135,哈利·波特与火焰杯,导演: 迈克·内威尔 Mike Newell 主演: 丹尼尔·雷德克里夫 Daniel Radclif... 2005 / 英国 美国 / 悬疑 奇幻 冒险,8.8,646175人评价,
136,玩具总动员3,导演: 李·昂克里奇 Lee Unkrich 主演: 汤姆·汉克斯 Tom Hanks / 蒂姆·艾... 2010 / 美国 / 喜剧 动画 奇幻 冒险,8.9,506532人评价,跨度十五年的欢乐与泪水。
137,傲慢与偏见,导演: 乔·怀特 Joe Wright 主演: 凯拉·奈特莉 Keira Knightley / 马修·... 2005 / 法国 英国 美国 / 剧情 爱情,8.7,786289人评价,爱是摈弃傲慢与偏见之后的曙光。
138,新世界,导演: 朴勋政 Hoon-jung Park 主演: 李政宰 Jung-Jae Lee / 崔岷植 Min-sik... 2013 / 韩国 / 剧情 犯罪,8.9,424160人评价,要做就做得狠一点，这样才能活下去。
139,釜山行,导演: 延尚昊 Sang-ho Yeon 主演: 孔侑 Yoo Gong / 郑有美 Yu-mi Jung / 马... 2016 / 韩国 / 动作 惊悚 灾难,8.6,1181923人评价,揭露人性的丧尸题材力作。
140,神偷奶爸,导演: 皮艾尔·柯芬 Pierre Coffin / 克里斯·雷纳德 Chris Renaud 主演: ... 2010 / 美国 法国 / 喜剧 动画 冒险,8.7,935575人评价,Mr. I Don't Care其实也有Care的时候。
141,被解救的姜戈,导演: 昆汀·塔伦蒂诺 Quentin Tarantino 主演: 杰米·福克斯 Jamie Foxx /... 2012 / 美国 / 剧情 动作 西部 冒险,8.8,600083人评价,热血沸腾，那个低俗、性感的无耻混蛋又来了。
142,玛丽和马克思,导演: 亚当·艾略特 Adam Elliot 主演: 托妮·科莱特 Toni Collette / 菲利... 2009 / 澳大利亚 美国 / 剧情 喜剧 动画,9,418212人评价,你是我最好的朋友，你是我唯一的朋友 。
143,告白,导演: 中岛哲也 Tetsuya Nakashima 主演: 松隆子 Takako Matsu / 冈田将生 ... 2010 / 日本 / 剧情 悬疑,8.8,664434人评价,没有一人完全善，也没有一人完全恶。
144,大鱼,导演: 蒂姆·波顿 Tim Burton 主演: 伊万·麦克格雷格 Ewan McGregor / 阿... 2003 / 美国 / 剧情 家庭 奇幻 冒险,8.8,562030人评价,抱着梦想而活着的人是幸福的，怀抱梦想而死去的人是不朽的。
145,哪吒闹海,导演: 王树忱 Shuchen Wang / 严定宪 Dingxian Yan 主演: 梁正晖 Zhenghui ... 1979 / 中国大陆 / 冒险 动画 奇幻,9.2,255002人评价,想你时你在闹海。
146,射雕英雄传之东成西就,导演: 刘镇伟 Jeffrey Lau 主演: 梁朝伟 Tony Leung Chiu Wai / 林青霞 Bri... 1993 / 中国香港 / 喜剧 奇幻 武侠 古装,8.7,628030人评价,百看不厌。
147,头号玩家,导演: 史蒂文·斯皮尔伯格 Steven Spielberg 主演: 泰伊·谢里丹 Tye Sheri... 2018 / 美国 / 动作 科幻 冒险,8.7,1349809人评价,写给影迷，动漫迷和游戏迷的一封情书。
148,模仿游戏,导演: 莫滕·泰杜姆 Morten Tyldum 主演: 本尼迪克特·康伯巴奇 Benedict C... 2014 / 英国 美国 / 剧情 传记 战争 同性,8.8,637296人评价,他给机器起名“克里斯托弗”，因为这是他初恋的名字。
149,喜宴,导演: 李安 Ang Lee 主演: 赵文瑄 Winston Chao / 归亚蕾 Ya-lei Kuei / 郎... 1993 / 中国台湾 美国 / 剧情 喜剧 爱情 同性 家庭,9,355912人评价,中国家庭的喜怒哀乐忍。
150,阳光姐妹淘,导演: 姜炯哲 Hyeong-Cheol Kang 主演: 沈恩京 Eun-kyung Shim / 闵孝琳 Hy... 2011 / 韩国 / 剧情 喜剧,8.8,585040人评价,再多各自牛逼的时光，也比不上一起傻逼的岁月。
151,我是山姆,导演: 杰茜·尼尔森 Jessie Nelson 主演: Sean Penn / Dakota Fanning / Mi... 2001 / 美国 / 剧情 家庭,9,333124人评价,爱并不需要智商 。
152,九品芝麻官,导演: 王晶 Jing Wong 主演: 周星驰 Stephen Chow / 吴孟达 Man Tat Ng / ... 1994 / 中国香港 中国大陆 / 剧情 喜剧 古装,8.7,664556人评价,
153,茶馆,导演: 谢添 Tian Xie 主演: 于是之 Shizhi Yu / 郑榕 Rong Zhen / 蓝天野 T... 1982(中国大陆) / 中国大陆 / 剧情 历史,9.6,139141人评价,
154,恐怖直播,导演: 金秉祐 Byeong-woo Kim 主演: 河正宇 Jung-woo Ha / 李璟荣 Kyeong-y... 2013 / 韩国 / 剧情 犯罪 悬疑,8.7,643107人评价,恐怖分子的“秋菊打官司”。
155,花样年华,导演: 王家卫 Kar Wai Wong 主演: 梁朝伟 Tony Leung Chiu Wai / 张曼玉 Ma... 2000 / 中国香港 / 剧情 爱情,8.7,597086人评价,偷情本没有这样美。
156,血战钢锯岭,导演: 梅尔·吉布森 Mel Gibson 主演: 安德鲁·加菲尔德 Andrew Garfield /... 2016 / 澳大利亚 美国 / 剧情 传记 历史 战争,8.7,774080人评价,优秀的战争片不会美化战场，不会粉饰死亡，不会矮化敌人，不会无视常识，最重要的，不会宣扬战争。
157,七武士,导演: 黑泽明 Akira Kurosawa 主演: 三船敏郎 Toshirô Mifune / 志村乔 ... 1954 / 日本 / 动作 冒险 剧情,9.3,194737人评价,时代悲歌。
158,色，戒,导演: 李安 Ang Lee 主演: 梁朝伟 Tony Leung Chiu Wai / 汤唯 Wei Tang / ... 2007 / 中国台湾 中国大陆 美国 中国香港 / 剧情 爱情 情色,8.7,790249人评价,假戏真情，爱欲深海
159,头脑特工队,导演: 彼特·道格特 Pete Docter / 罗纳尔多·德尔·卡门 Ronaldo Del Carmen &nb... 2015 / 美国 / 喜剧 动画 冒险,8.8,600995人评价,愿我们都不用长大，每一座城堡都能永远存在。
160,惊魂记,导演: 阿尔弗雷德·希区柯克 Alfred Hitchcock 主演: 安东尼·博金斯 Antho... 1960 / 美国 / 悬疑 惊悚 恐怖,9,287250人评价,故事的反转与反转，分裂电影的始祖。
161,黑客帝国3：矩阵革命,导演: 拉娜·沃卓斯基 Lana Wachowski / 莉莉·沃卓斯基 Lilly Wachowski ... 2003 / 美国 / 动作 科幻,8.8,440901人评价,不得不说，《黑客帝国》系列是商业片与科幻、哲学完美结合的典范。
162,你的名字。,导演: 新海诚 Makoto Shinkai 主演: 神木隆之介 Ryûnosuke Kamiki / 上... 2016 / 日本 / 剧情 爱情 动画,8.5,1387239人评价,穿越错位的时空，仰望陨落的星辰，你没留下你的名字，我却无法忘记那句“我爱你”。
163,电锯惊魂,导演: 詹姆斯·温 James Wan 主演: 雷·沃纳尔 Leigh Whannell / 加利·艾... 2004 / 美国 / 悬疑 惊悚 恐怖,8.8,523746人评价,真相就在眼前。
164,三块广告牌,导演: 马丁·麦克唐纳 Martin McDonagh 主演: 弗兰西斯·麦克多蒙德 France... 2017 / 英国 美国 / 剧情 犯罪,8.7,810376人评价,怼天怼地，你走后，她与世界为敌。
165,达拉斯买家俱乐部,导演: 让-马克·瓦雷 Jean-Marc Vallée 主演: 马修·麦康纳 Matthew McCon... 2013 / 美国 / 剧情 传记 同性,8.8,446362人评价,Jared Leto的腿比女人还美！
166,疯狂原始人,导演: 科克·德·米科 Kirk De Micco / 克里斯·桑德斯 Chris Sanders 主演... 2013 / 美国 / 喜剧 动画 冒险,8.7,827576人评价,老少皆宜，这就是好莱坞动画的魅力。
167,心迷宫,导演: 忻钰坤 Yukun Xin 主演: 霍卫民 Weimin Huo / 王笑天 Xiaotian Wang ... 2014 / 中国大陆 / 剧情 犯罪 悬疑,8.7,512313人评价,荒诞讽刺，千奇百巧，抽丝剥茧，百转千回。
168,谍影重重3,导演: 保罗·格林格拉斯 Paul Greengrass 主演: 马特·达蒙 Matt Damon / ... 2007 / 美国 德国 法国 英国 / 动作 悬疑 惊悚,8.8,412163人评价,像吃了苏打饼一样干脆的电影。
169,上帝之城,导演: 费尔南多·梅里尔斯 Fernando Meirelles / 卡迪亚·兰德 Kátia Lund &nbsp... 2002 / 巴西 法国 / 犯罪 剧情,9,298058人评价,被上帝抛弃了的上帝之城。
170,英雄本色,导演: 吴宇森 John Woo 主演: 周润发 Yun-Fat Chow / 狄龙 Lung Ti / 张国... 1986 / 中国香港 / 剧情 动作 犯罪,8.6,531706人评价,英雄泪短，兄弟情长。
171,卢旺达饭店,导演: 特瑞·乔治 Terry George 主演: 唐·钱德尔 Don Cheadle / 苏菲·奥... 2004 / 英国 南非 意大利 美国 / 剧情 传记 历史 战争,8.9,325205人评价,当这个世界闭上双眼，他却敞开了怀抱。
172,纵横四海,导演: 吴宇森 John Woo 主演: 周润发 Yun-Fat Chow / 张国荣 Leslie Cheung... 1991 / 中国香港 / 剧情 喜剧 动作 犯罪,8.8,418864人评价,香港浪漫主义警匪动作片的巅峰之作。
173,风之谷,导演: 宫崎骏 Hayao Miyazaki 主演: 岛本须美 Sumi Shimamoto / 松田洋治 Y... 1984 / 日本 / 动画 奇幻 冒险,8.9,349940人评价,动画片的圣经。
174,海街日记,导演: 是枝裕和 Hirokazu Koreeda 主演: 绫濑遥 Haruka Ayase / 长泽雅美 M... 2015 / 日本 / 剧情 家庭,8.8,440906人评价,是枝裕和的家庭习作。
175,爱在午夜降临前,导演: 理查德·林克莱特 Richard Linklater 主演: 伊桑·霍克 Ethan Hawke ... 2013 / 美国 希腊 / 剧情 爱情,8.9,394735人评价,所谓爱情，就是话唠一路，都不会心生腻烦，彼此嫌弃。
176,绿里奇迹,导演: 弗兰克·德拉邦特 Frank Darabont 主演: 汤姆·汉克斯 Tom Hanks / ... 1999 / 美国 / 犯罪 剧情 奇幻 悬疑,8.9,323874人评价,天使暂时离开。
177,记忆碎片,导演: 克里斯托弗·诺兰 Christopher Nolan 主演: 盖·皮尔斯 Guy Pearce /... 2000 / 美国 / 犯罪 剧情 悬疑 惊悚,8.7,592666人评价,一个针管引发的血案。
178,岁月神偷,导演: 罗启锐 Alex Law 主演: 吴君如 Sandra Ng / 任达华 Simon Yam / 钟绍... 2010 / 中国香港 中国大陆 / 剧情 家庭,8.7,568980人评价,岁月流逝，来日可追。
179,忠犬八公物语,导演: 神山征二郎 Seijirô Kôyama 主演: 仲代达矢 Tatsuya Nakadai /... 1987 / 日本 / 剧情,9.2,192899人评价,养狗三日，便会对你终其一生。
180,荒蛮故事,导演: 达米安·斯兹弗隆 Damián Szifron 主演: 达里奥·葛兰帝内提 Darío... 2014 / 阿根廷 西班牙 / 剧情 喜剧 犯罪,8.8,437369人评价,始于荒诞，止于更荒诞。
181,疯狂的石头,导演: 宁浩 Hao Ning 主演: 郭涛 Tao Guo / 刘桦 Hua Liu / 连晋 Teddy Lin 2006 / 中国大陆 中国香港 / 喜剧 犯罪,8.6,808267人评价,中国版《两杆大烟枪》。
182,雨中曲,导演: 斯坦利·多南 Stanley Donen / 吉恩·凯利 Gene Kelly 主演: 吉恩·... 1952 / 美国 / 喜剧 歌舞 爱情,9.1,220855人评价,骨灰级歌舞片。
183,小偷家族,导演: 是枝裕和 Hirokazu Koreeda 主演: 中川雅也 Lily Franky / 安藤樱 Sa... 2018 / 日本 / 剧情 犯罪 家庭,8.7,802975人评价,我们组成了家。
184,爆裂鼓手,导演: 达米恩·查泽雷 Damien Chazelle 主演: 迈尔斯·特勒 Miles Teller /... 2014 / 美国 / 剧情 音乐,8.7,579460人评价,这个世界从不善待努力的人，努力了也不一定会成功，但是知道自己在努力，就是活下去的动力。
185,2001太空漫游,导演: 斯坦利·库布里克 Stanley Kubrick 主演: 凯尔·杜拉 Keir Dullea / ... 1968 / 英国 美国 / 科幻 惊悚 冒险,8.9,320955人评价,现代科幻电影的开山之作，最伟大导演的最伟大影片。
186,无敌破坏王,导演: 瑞奇·莫尔 Rich Moore 主演: 约翰·C·赖利 John C. Reilly / 萨拉... 2012 / 美国 / 喜剧 动画 奇幻 冒险,8.7,528919人评价,迪士尼和皮克斯拿错剧本的产物。
187,小丑,导演: 托德·菲利普斯 Todd Phillips 主演: 杰昆·菲尼克斯 Joaquin Phoeni... 2019 / 美国 加拿大 / 剧情 犯罪 惊悚,8.7,990406人评价,
188,背靠背，脸对脸,导演: 黄建新 Jianxin Huang / 杨亚洲 Yazhou Yang 主演: 牛振华 Zhenhua N... 1994 / 中国大陆 中国香港 / 剧情,9.5,128685人评价,
189,无间道2,导演: 刘伟强 / 麦兆辉 主演: 陈冠希 Edison Chen / 余文乐 Shawn Yue / 曾... 2003 / 中国香港 / 剧情 犯罪 惊悚,8.7,469157人评价,
190,贫民窟的百万富翁,导演: 丹尼·鲍尔 Danny Boyle / 洛芙琳·坦丹 Loveleen Tandan 主演: 戴夫... 2008 / 英国 / 剧情 爱情,8.6,736626人评价,上帝之城+猜火车+阿甘正传+开心辞典=山寨富翁
191,冰川时代,导演: 卡洛斯·沙尔丹哈 Carlos Saldanha / 克里斯·韦奇 Chris Wedge 主演... 2002 / 美国 / 喜剧 动画 冒险,8.6,604071人评价,松鼠才是角儿。
192,东邪西毒,导演: 王家卫 Kar Wai Wong 主演: 张国荣 Leslie Cheung / 林青霞 Brigitte... 1994 / 中国香港 中国台湾 / 剧情 动作 爱情 武侠 古装,8.6,569732人评价,电影诗。
193,恐怖游轮,导演: 克里斯托弗·史密斯 Christopher Smith 主演: 梅利莎·乔治 Melissa ... 2009 / 英国 澳大利亚 / 剧情 悬疑 惊悚,8.5,847304人评价,不要企图在重复中寻找已经失去的爱。
194,心灵奇旅,导演: 彼特·道格特 Pete Docter / 凯普·鲍尔斯 Kemp Powers 主演: 杰米·... 2020 / 美国 / 动画 奇幻 音乐,8.7,961301人评价,
195,牯岭街少年杀人事件,导演: 杨德昌 Edward Yang 主演: 张震 Chen Chang / 杨静怡 Lisa Yang / 张... 1991 / 中国台湾 / 剧情 犯罪,8.9,293607人评价,弱者送给弱者的一刀。
196,真爱至上,导演: 理查德·柯蒂斯 Richard Curtis 主演: 休·格兰特 Hugh Grant / 柯林... 2003 / 英国 美国 法国 / 喜剧 剧情 爱情,8.6,724399人评价,爱，是个动词。
197,遗愿清单,导演: 罗伯·莱纳 Rob Reiner 主演: 杰克·尼科尔森 Jack Nicholson / 摩根... 2007 / 美国 / 冒险 喜剧 剧情,8.7,452376人评价,用剩余不多的时间，去燃烧整个生命。
198,你看起来好像很好吃,导演: 藤森雅也 Masaya Fujimori 主演: 山口胜平 Kappei Yamaguchi / 爱河... 2010 / 日本 / 剧情 动画 儿童,8.9,328624人评价,感情不分食草或者食肉。
199,魔女宅急便,导演: 宫崎骏 Hayao Miyazaki 主演: 高山南 Minami Takayama / 佐久间玲 Re... 1989 / 日本 / 动画 奇幻 冒险,8.7,452107人评价,宫崎骏的电影总让人感觉世界是美好的，阳光明媚的。
200,东京教父,导演: 今敏 Satoshi Kon 主演: 江守彻 Toru Emori / 梅垣义明 Yoshiaki Ume... 2003 / 日本 / 剧情 喜剧 动画,9,224424人评价,
201,大佛普拉斯,导演: 黄信尧 Hsin-yao Huang 主演: 庄益增 Yizeng Zhuang / 陈竹昇 Chu-sh... 2017 / 中国台湾 / 剧情 喜剧,8.7,446440人评价,人们可以登上月球，却永远无法探索人们内心的宇宙。
202,黑天鹅,导演: 达伦·阿罗诺夫斯基 Darren Aronofsky 主演: 娜塔莉·波特曼 Natalie... 2010 / 美国 / 剧情 惊悚,8.6,771488人评价,黑暗之美。
203,可可西里,导演: 陆川 Chuan Lu 主演: 多布杰 Duobujie / 张磊 Lei Zhang / 亓亮 Qi L... 2004 / 中国大陆 中国香港 / 剧情 犯罪,8.9,298934人评价,坚硬的信仰。
204,城市之光,导演: Charles Chaplin 主演: 查理·卓别林 Charles Chaplin / 弗吉尼亚·... 1931 / 美国 / 喜剧 剧情 爱情,9.3,143486人评价,永远的小人物，伟大的卓别林。
205,源代码,导演: 邓肯·琼斯 Duncan Jones 主演: 杰克·吉伦哈尔 Jake Gyllenhaal / ... 2011 / 美国 加拿大 / 科幻 悬疑 惊悚,8.5,823664人评价,邓肯·琼斯继《月球》之后再度奉献出一部精彩绝伦的科幻佳作。
206,雨人,导演: 巴瑞·莱文森 Barry Levinson 主演: 达斯汀·霍夫曼 Dustin Hoffman ... 1988 / 美国 / 剧情,8.7,398597人评价,生活在自己的世界里，也可以让周围的人显得可笑和渺小。
207,恋恋笔记本,导演: 尼克·卡索维茨 Nick Cassavetes 主演: 瑞恩·高斯林 Ryan Gosling /... 2004 / 美国 / 剧情 爱情,8.5,660613人评价,爱情没有那么多借口，如果不能圆满，只能说明爱的不够。
208,海边的曼彻斯特,导演: 肯尼斯·罗纳根 Kenneth Lonergan 主演: 卡西·阿弗莱克 Casey Affle... 2016 / 美国 / 剧情 家庭,8.6,525941人评价,我们都有权利不与自己的过去和解。
209,初恋这件小事,导演: 普特鹏·普罗萨卡·那·萨克那卡林 Puttipong Promsaka Na Sakolnakorn / 华森·波克彭... 2010 / 泰国 / 剧情 喜剧 爱情,8.5,970657人评价,黑小鸭速效美白记。
210,人工智能,导演: 史蒂文·斯皮尔伯格 Steven Spielberg 主演: 海利·乔·奥斯蒙 Haley... 2001 / 美国 英国 / 剧情 科幻,8.7,438801人评价,对爱的执着，可以超越一切。
211,虎口脱险,导演: 杰拉尔·乌里 Gérard Oury 主演: 路易·德·菲耐斯 Louis de Funès... 1966 / 法国 英国 / 喜剧 战争,8.9,252701人评价,永远看不腻的喜剧。
212,波西米亚狂想曲,导演: 布莱恩·辛格 Bryan Singer 主演: 拉米·马雷克 Rami Malek / 本·哈... 2018 / 英国 美国 / 剧情 传记 同性 音乐,8.6,594328人评价,
213,青蛇,导演: 徐克 Hark Tsui 主演: 张曼玉 Maggie Cheung / 王祖贤 Joey Wang / ... 1993 / 中国香港 中国大陆 / 剧情 爱情 奇幻 古装,8.6,517414人评价,人生如此，浮生如斯。谁人言，花彼岸，此生情长意短。谁都是不懂爱的罢了。
214,终结者2：审判日,导演: 詹姆斯·卡梅隆 James Cameron 主演: 阿诺·施瓦辛格 Arnold Schwarz... 1991 / 美国 法国 / 动作 科幻,8.8,337087人评价,少见的超越首部的续集，动作片中的经典。
215,罗生门,导演: 黑泽明 Akira Kurosawa 主演: 三船敏郎 Toshirô Mifune / 京町子 ... 1950 / 日本 / 剧情 犯罪 悬疑,8.8,309428人评价,人生的N种可能性。
216,萤火虫之墓,导演: 高畑勋 Isao Takahata 主演: 辰己努 / 白石绫乃 / 志乃原良子 1988 / 日本 / 动画 剧情 战争,8.7,400713人评价,幸福是生生不息，却难以触及的远。
217,疯狂的麦克斯4：狂暴之路,导演: 乔治·米勒 George Miller 主演: 汤姆·哈迪 Tom Hardy / 查理兹·塞... 2015 / 澳大利亚 美国 / 动作 科幻 冒险,8.7,520455人评价,“多么美好的一天！”轰轰轰砰咚，啪哒哒哒轰隆隆，磅~
218,新龙门客栈,导演: 李惠民 Raymond Lee 主演: 张曼玉 Maggie Cheung / 林青霞 Brigitte ... 1992 / 中国香港 中国大陆 / 动作 爱情 武侠 古装,8.7,436998人评价,嬉笑怒骂，调风动月。
219,千钧一发,导演: 安德鲁·尼科尔 Andrew Niccol 主演: 伊桑·霍克 Ethan Hawke / 乌玛... 1997 / 美国 / 剧情 科幻 惊悚,8.8,292225人评价,一部能引人思考的科幻励志片。
220,无耻混蛋,导演: 昆汀·塔伦蒂诺 Quentin Tarantino 主演: 布拉德·皮特 Brad Pitt / ... 2009 / 德国 美国 / 剧情 犯罪,8.6,468876人评价,昆汀同学越来越变态了，比北野武还杜琪峰。
221,崖上的波妞,导演: 宫崎骏 Hayao Miyazaki 主演: 奈良柚莉爱 Yuria Nara / 土井洋辉 Hir... 2008 / 日本 / 动画 奇幻 冒险,8.6,486534人评价,
222,奇迹男孩,导演: 斯蒂芬·卓博斯基 Stephen Chbosky 主演: 雅各布·特伦布莱 Jacob Tr... 2017 / 美国 中国香港 / 剧情 儿童 家庭,8.6,545274人评价,世界不完美，爱会有奇迹。
223,末路狂花,导演: 雷德利·斯科特 Ridley Scott 主演: 吉娜·戴维斯 Geena Davis / 苏... 1991 / 美国 英国 法国 / 犯罪 剧情 惊悚,8.9,247422人评价,没有了退路，只好飞向自由。
224,二十二,导演: 郭柯 Ke Guo 主演: 2015 / 中国大陆 / 纪录片,8.7,288520人评价,有一些东西不应该被遗忘。
225,彗星来的那一夜,导演: 詹姆斯·沃德·布柯特 James Ward Byrkit 主演: 艾米丽·芭尔多尼 Em... 2013 / 美国 英国 / 科幻 悬疑 惊悚,8.6,568126人评价,小成本大魅力。
226,黑客帝国2：重装上阵,导演: 拉娜·沃卓斯基 Lana Wachowski / 莉莉·沃卓斯基 Lilly Wachowski ... 2003 / 美国 / 动作 科幻,8.7,400438人评价,一个精彩的世界观正在缓缓建立。
227,花束般的恋爱,导演: 土井裕泰 Nobuhiro Doi 主演: 菅田将晖 Masaki Suda / 有村架纯 Kasu... 2021 / 日本 / 剧情 爱情,8.6,600447人评价,
228,爱乐之城,导演: 达米恩·查泽雷 Damien Chazelle 主演: 瑞恩·高斯林 Ryan Gosling /... 2016 / 美国 / 剧情 爱情 歌舞,8.4,879292人评价,
229,血钻,导演: 爱德华·兹威克 Edward Zwick 主演: 莱昂纳多·迪卡普里奥 Leonardo ... 2006 / 美国 德国 英国 / 剧情 惊悚 冒险,8.7,374417人评价,每个美丽事物背后都是滴血的现实。
230,房间,导演: 伦尼·阿伯拉罕森 Lenny Abrahamson 主演: 布丽·拉尔森 Brie Larson... 2015 / 爱尔兰 加拿大 英国 美国 / 剧情 家庭,8.8,364366人评价,被偷走的岁月，被伤害的生命，被禁锢的灵魂，终将被希望和善意救赎。
231,战争之王,导演: 安德鲁·尼科尔 Andrew Niccol 主演: 尼古拉斯·凯奇 Nicolas Cage /... 2005 / 法国 德国 美国 / 剧情 犯罪,8.7,362806人评价,做一颗让别人需要你的棋子。
232,步履不停,导演: 是枝裕和 Hirokazu Koreeda 主演: 阿部宽 Hiroshi Abe / 夏川结衣 Yu... 2008 / 日本 / 剧情 家庭,8.8,275126人评价,日本的家庭电影已经是世界巅峰了，步履不停是巅峰中的佳作。
233,魂断蓝桥,导演: 茂文·勒鲁瓦 Mervyn LeRoy 主演: 费雯·丽 Vivien Leigh / 罗伯特·... 1940 / 美国 / 剧情 爱情 战争,8.8,274360人评价,中国式内在的美国电影。
234,火星救援,导演: 雷德利·斯科特 Ridley Scott 主演: 马特·达蒙 Matt Damon / 杰西卡... 2015 / 英国 美国 匈牙利 约旦 / 剧情 科幻 冒险,8.5,714818人评价,
235,芙蓉镇,导演: 谢晋 Jin Xie 主演: 刘晓庆 Xiaoqing Liu / 姜文 Wen Jiang / 郑在石... 1987 / 中国大陆 / 剧情 爱情,9.3,131615人评价,
236,哈利·波特与死亡圣器(上),导演: 大卫·叶茨 David Yates 主演: 丹尼尔·雷德克里夫 Daniel Radcliffe... 2010 / 英国 美国 / 奇幻 冒险,8.5,561635人评价,最忠于原著的一部。
237,千年女优,导演: 今敏 Satoshi Kon 主演: 庄司美代子 Miyoko Shôji / 小山茉美 Mam... 2001 / 日本 / 动画 剧情 爱情,8.8,261464人评价,爱情是一场没有尽头的虚幻追逐。
238,谍影重重2,导演: 保罗·格林格拉斯 Paul Greengrass 主演: 马特·达蒙 Matt Damon / ... 2004 / 美国 德国 / 动作 悬疑 惊悚,8.7,346799人评价,谁说王家卫镜头很晃？
239,阿飞正传,导演: 王家卫 Kar Wai Wong 主演: 张国荣 Leslie Cheung / 张曼玉 Maggie C... 1990 / 中国香港 / 犯罪 剧情 爱情,8.5,503834人评价,王家卫是一种风格，张国荣是一个代表。
240,燃情岁月,导演: 爱德华·兹威克 Edward Zwick 主演: 布拉德·皮特 Brad Pitt / 安东... 1994 / 美国 / 剧情 爱情 战争 西部,8.8,282566人评价,传奇，不是每个人都可以拥有。
241,弱点,导演: 约翰·李·汉考克 John Lee Hancock 主演: 桑德拉·布洛克 Sandra Bu... 2009 / 美国 / 剧情 家庭 传记 运动,8.7,301784人评价,拍掉身上的悲伤，从今天开始重新踏上追梦之旅。
242,谍影重重,导演: 道格·里曼 Doug Liman 主演: 马特·达蒙 Matt Damon / 弗兰卡·波坦... 2002 / 美国 德国 捷克 / 动作 悬疑 惊悚,8.6,419011人评价,哗啦啦啦啦，天在下雨，哗啦啦啦啦，云在哭泣……找自己。
243,朗读者,导演: 史蒂芬·戴德利 Stephen Daldry 主演: 凯特·温丝莱特 Kate Winslet ... 2008 / 美国 德国 / 剧情 爱情,8.6,449023人评价,当爱情跨越年龄的界限，它似乎能变得更久远一点，成为一种责任，一种水到渠成的相濡以沫。
244,再次出发之纽约遇见你,导演: 约翰·卡尼 John Carney 主演: 凯拉·奈特莉 Keira Knightley / 马克... 2013 / 美国 / 喜剧 爱情 音乐,8.6,421487人评价,爱我就给我看你的播放列表。
245,哈利·波特与凤凰社,导演: 大卫·叶茨 David Yates 主演: 丹尼尔·雷德克里夫 Daniel Radcliffe... 2007 / 英国 美国 / 奇幻 冒险,8.5,554026人评价,
246,白日梦想家,导演: 本·斯蒂勒 Ben Stiller 主演: 本·斯蒂勒 Ben Stiller / 克里斯汀·... 2013 / 美国 英国 / 剧情 喜剧 冒险,8.6,458853人评价,
247,香水,导演: 汤姆·提克威 Tom Tykwer 主演: 本·卫肖 Ben Whishaw / 艾伦·瑞克... 2006 / 德国 法国 西班牙 美国 比利时 / 剧情 犯罪 奇幻,8.5,537684人评价,一个单凭体香达到高潮的男人。
248,海洋,导演: 雅克·贝汉 Jacques Perrin / 雅克·克鲁奥德 Jacques Cluzaud 主演:... 2009 / 法国 瑞士 西班牙 美国 阿联酋 摩纳哥 / 纪录片,9.1,155281人评价,大海啊，不全是水。
249,穿越时空的少女,导演: 细田守 Mamoru Hosoda 主演: 仲里依纱 Riisa Naka / 石田卓也 Takuya... 2006 / 日本 / 剧情 爱情 科幻 动画,8.6,377028人评价,爱上未来的你。
